lambda_rel,lambda_div,lambda_fair,nDCG@10,P@10,MRR,SPD_underrepresented,SPD_privileged,SRR_underrepresented,SRR_privileged,Unique Institutions,Unique Countries
0.8,0.1,0.1,0.5512992291030586,0.06,0.5352222222222222,0.04972666666666666,-0.04972666666666666,1.05998832,0.7093026800000001,1.12,6.806666666666667
0.7,0.2,0.1,0.5508885203587596,0.06,0.5346666666666666,0.05705999999999999,-0.05705999999999999,1.06883496,0.66643274,1.06,6.8
0.6,0.2,0.2,0.5493798911218869,0.06,0.532888888888889,0.09639333333333333,-0.09639333333333333,1.11628512,0.43649390666666665,0.6933333333333334,6.84
0.5,0.3,0.2,0.5498420474013975,0.06,0.5334444444444444,0.10839333333333334,-0.10839333333333334,1.13076144,0.36634309333333337,0.5866666666666667,6.88
0.4,0.3,0.3,0.538370602118157,0.06,0.5186111111111111,0.13906000000000002,-0.13906000000000002,1.16775648,0.18706880666666667,0.31333333333333335,6.94
